id,target
1,93.8
2,17.6
3,13.2
4,16
5,45.3
6,83.3
7,68.5
8,39.1
9,42.5
10,1.1
11,31.7
12,32.1
13,62.6
14,15.7
15,38.3
16,7.5
17,86.4
18,52.6
19,20.2
20,66.4
21,47.8
22,83.6
23,82.3
24,75.8
25,55.4
26,0.4
27,25.8
28,40.8
29,95.4
30,99.6
31,89.6
32,84.7
33,77.2
34,94.1
35,89.1
36,5.2
37,85.3
38,63.6
39,37.6
40,68.4
41,99.6
42,82.5
43,66.2
44,18.9
45,92
46,99.6
47,44.1
48,6.1
49,61.3
50,85.5
51,4.9
52,67
53,9.9
54,53.2
55,65.7
56,60.4
57,11.6
58,10.8
59,95.1
60,14.5
61,27.4
62,89.3
63,81.3
64,38.6
65,25.8
66,41.4
67,5.6
68,5.8
69,16.5
70,39.3
71,69
72,80.7
73,83.2
74,51.3
75,11.8
76,82.1
77,92.6
78,69.8
79,9
80,22.9
81,25
82,77.2
83,79.8
84,54.6
85,80.8
86,75.5
87,46.7
88,14.6
89,88.7
90,61.9
91,15.7
92,33.6
93,99.6
94,1.2
95,50.4
96,99.5
97,53.5
98,0.9
99,69.5
100,89.2
101,71.4
102,1.4
103,44.9
104,40.5
105,42.6
106,22.9
107,74.6
108,34.8
109,84.7
110,6
111,77.6
112,29.6
113,36.6
114,35.1
115,7.4
116,47.8
117,9.2
118,49.1
119,37.9
120,42.1
121,57.8
122,66.9
123,70.1
124,31.2
125,26.3
126,80.7
127,28.7
128,89.2
129,63.2
130,86.7
131,1.4
132,66.1
133,66
134,55.1
135,94.2
136,76.3
137,70.5
138,41.5
139,58
140,97.2
141,34
142,30.9
143,24.1
144,24.5
145,44.9
146,84.4
147,78.7
148,21.8
149,76.8
150,29.2
151,84.5
152,34.1
153,59.2
154,83.9
155,88.4
156,29.9
157,10.8
158,86.9
159,53.7
160,82.4
161,21.9
162,34
163,96.4
164,23
165,89.2
166,19.2
167,69.6
168,47
169,32.4
170,8.8
171,2.7
172,42.6
173,73.2
174,56.7
175,45.6
176,28.5
177,26.7
178,32.9
179,88.6
180,19.7
181,85.3
182,29.7
183,77.4
184,58.2
185,26.4
186,42.3
187,33.5
188,29.8
189,2.8
190,74.1
191,41.5
192,93.8
193,54.1
194,78.7
195,64.2
196,6.3
197,56.2
198,71.7
199,24.3
200,69.9
201,36.8
202,22.5
203,67.6
204,15.5
205,81.8
206,99.1
207,12.1
208,37.5
209,34.6
210,58.2
211,92.8
212,70.4
213,19.3
214,71.7
215,72.3
216,16.5
217,83
218,82.8
219,1.3
220,27.6
221,17.6
222,2.7
223,23
224,96.7
225,11.8
226,57.2
227,48.9
228,89
229,2.5
230,48.5
231,64.7
232,30.6
233,38.2
234,50.5
235,11.3
236,56.1
237,28.8
238,1.1
239,61.8
240,54.6
241,14.1
242,95.2
243,85.8
244,71.1
245,77.7
246,81.7
247,26.9
248,63.9
249,26.7
250,30.7
251,38.8
252,36.8
253,6.7
254,98.5
255,58.9
256,5.2
257,73.4
258,39.5
259,6.3
260,30
261,18.4
262,73.5
263,70.1
264,30.3
265,95.2
266,56.3
267,16
268,41.9
269,82.4
270,83.9
271,90.9
272,94.3
273,99.3
274,53.5
275,2.4
276,0.3
277,67.3
278,9.4
279,89.1
280,76
281,31
282,12.8
283,38.4
284,38.8
285,39.4
286,73
287,20.8
288,84.2
289,99
290,93.9
291,4.2
292,14.6
293,65.3
294,7.5
295,95
296,11.5
297,70
298,76.4
299,57.5
300,35
301,96.8
302,44.4
303,19.7
304,42.2
305,84.5
306,9
307,52.2
308,78.7
309,83.6
310,35.4
311,18.9
312,84.7
313,0.6
314,86.2
315,56.6
316,27.3
317,26.6
318,61.1
319,55.8
320,77.2
321,72.4
322,0.1
323,37.9
324,79.9
325,100
326,12.3
327,66.1
328,51.3
329,6.1
330,10.6
331,25.5
332,20.1
333,78
334,58.2
335,27.9
336,84
337,30.9
338,17.2
339,43.7
340,46
341,13.9
342,81.3
343,59.8
344,60.4
345,98.6
346,10.3
347,0.7
348,24.9
349,78.4
350,82.2
351,64.6
352,46.7
353,17.3
354,91.9
355,23.1
356,71.1
357,20
358,37.4
359,25.6
360,71
361,54.6
362,40.1
363,12
364,94.7
365,54.1
366,55.5
367,80.8
368,32
369,44.9
370,25.2
371,32.3
372,46.9
373,61.4
374,12.5
375,48.3
376,86.4
377,38.6
378,81.1
379,96.3
380,11
381,45.2
382,48.8
383,93.7
384,33.8
385,88.3
386,85.8
387,8.2
388,88.7
389,5.1
390,10.1
391,93.1
392,33.2
393,48.1
394,1.5
395,92.2
396,29.4
397,36.8
398,90
399,26.7
400,98
401,82.8
402,8.9
403,23.4
404,67.6
405,25.5
406,5.1
407,44.4
408,63.6
409,74
410,44.2
411,72.9
412,11.2
413,77.2
414,60.9
415,30.7
416,68.9
417,12.1
418,72.5
419,72.2
420,16.3
421,12.3
422,43.8
423,89.8
424,39.8
425,77.9
426,2.6
427,60.3
428,8.3
429,32.1
430,78.1
431,27.2
432,9.7
433,49.1
434,49
435,60.3
436,41.4
437,39.7
438,5.4
439,80.1
440,72.2
441,58.1
442,64.8
443,68.6
444,74.6
445,92.5
446,14.6
447,96
448,14.2
449,42.4
450,82.3
451,20.5
452,60.3
453,69.6
454,0.8
455,33.2
456,95.2
457,56.7
458,90.4
459,96
460,47.8
461,28.2
462,11.7
463,83.5
464,48.5
465,62.3
466,33
467,40.9
468,29.4
469,38.6
470,92.4
471,72.9
472,54
473,88
474,53.2
475,37.3
476,14.9
477,99.4
478,89.8
479,24.4
480,43.8
481,45
482,57.4
483,7.3
484,84.4
485,37.2
486,55.8
487,26.6
488,30.1
489,54.2
490,49.6
491,99.5
492,42.7
493,29.2
494,31
495,17.7
496,98.6
497,58.5
498,12.4
499,92.5
500,69.1
501,57.7
502,9.9
503,23.5
504,2.2
505,55.9
506,20.2
507,22.5
508,13.1
509,70.6
510,71.5
511,32.1
512,56.1
513,98
514,4.5
515,66.6
516,65
517,10
518,26.8
519,75.3
520,76.6
521,18.3
522,57.3
523,7.2
524,45.9
525,44.4
526,70.5
527,50.7
528,51
529,7.6
530,46
531,10.9
532,90.6
533,38.2
534,58.9
535,31.6
536,26.9
537,84.9
538,49.4
539,62.8
540,40.7
541,14.2
542,35.4
543,94
544,48.1
545,84.7
546,22.6
547,97.4
548,36.5
549,95.6
550,5.6
551,73.8
552,52.3
553,30
554,2
555,32
556,57.1
557,96
558,86.2
559,85.4
560,60.9
561,83.8
562,1.2
563,4.9
564,17.6
565,60.8
566,84.5
567,77.8
568,38.1
569,49.9
570,23.7
571,39.8
572,85.4
573,83.2
574,83.4
575,50.5
576,50.8
577,99.2
578,92
579,87.1
580,60
581,91.1
582,3.9
583,22.9
584,39.9
585,84.5
586,86.3
587,29.6
588,99
589,84.7
590,52.9
591,96
592,25.2
593,6.8
594,88.2
595,48.5
596,62.2
597,47.6
598,40.5
599,35.6
600,36.3
601,55.6
602,67.2
603,73.1
604,27
605,64.4
606,13
607,33.3
608,31.1
609,87.8
610,14.9
611,49.3
612,89.8
613,13.9
614,85.3
615,68
616,21.4
617,91
618,81.9
619,81
620,48.9
621,33.9
622,12.8
623,51.8
624,98.8
625,37.5
626,26.6
627,5.6
628,89.3
629,4.3
630,80.9
631,31.6
632,27
633,91.3
634,8.5
635,61.2
636,50.3
637,7.7
638,97.3
639,90.9
640,42.1
641,44.3
642,83.6
643,57.5
644,72.8
645,66.1
646,46.9
647,19.8
648,49.8
649,2.5
650,96.8
651,56.5
652,56.8
653,57.6
654,23.8
655,34.9
656,30.9
657,49.1
658,36.6
659,46.3
660,36.6
661,10.7
662,95.1
663,47.9
664,95.6
665,63.4
666,37.9
667,48.6
668,44.5
669,70.7
670,62.2
671,39.6
672,47.6
673,63.3
674,25.6
675,1.4
676,57
677,58.2
678,4.9
679,51.3
680,1.7
681,85.8
682,0.9
683,67.6
684,34.4
685,52.8
686,28.7
687,20.8
688,59.4
689,25.8
690,74.7
691,40.8
692,57.1
693,27.9
694,90.2
695,36.4
696,8.7
697,41.1
698,7.2
699,24.9
700,15.6
701,16.6
702,32.3
703,9.1
704,59.2
705,71.9
706,94
707,33.5
708,37
709,34.7
710,14.2
711,10.6
712,31.3
713,64
714,24.8
715,19.8
716,51.8
717,4.1
718,98.6
719,44.9
720,86.9
721,18.7
722,67.5
723,77.7
724,48.7
725,54.1
726,58.4
727,32.5
728,84
729,65
730,14.1
731,63.3
732,87.2
733,0.8
734,99.6
735,99.2
736,56.8
737,37.8
738,5.8
739,93.4
740,56
741,56.5
742,76.6
743,76
744,60.1
745,71.9
746,41
747,5.6
748,64
749,5.7
750,56.9
751,75.8
752,31.1
753,58.4
754,28.3
755,73.7
756,58
757,45.4
758,36.6
759,21.2
760,53
761,1
762,69.6
763,13.9
764,15.3
765,18
766,95.1
767,71.2
768,69.7
769,18.6
770,73.9
771,33.3
772,90
773,99.5
774,47.6
775,83
776,85.2
777,14.1
778,32.6
779,1.2
780,99.1
781,54.9
782,90.1
783,67.3
784,40
785,87.3
786,91
787,77.1
788,30.4
789,88.8
790,75.6
791,47.2
792,12
793,56.5
794,90.3
795,50.6
796,95.3
797,59.7
798,28.7
799,42.5
800,72.6
801,7.9
802,73.2
803,7.6
804,46.7
805,43.5
806,47
807,51.3
808,18.7
809,81.1
810,12.5
811,67.1
812,76.3
813,67.3
814,71.5
815,48.3
816,93.8
817,77.6
818,20.9
819,70.5
820,14.3
821,59.9
822,83.4
823,13.1
824,42.5
825,80.8
826,50.9
827,66.6
828,95.4
829,88.1
830,7.5
831,92.4
832,85.5
833,84.2
834,97.6
835,14.3
836,50.2
837,79.3
838,40.9
839,49.2
840,49.1
841,13.9
842,28.4
843,64.3
844,65.7
845,8.6
846,28.9
847,18.4
848,9.2
849,29.3
850,84.9
851,60.5
852,47.7
853,19.5
854,6.5
855,72.2
856,71.6
857,78.1
858,37.3
859,3.5
860,61.7
861,53.2
862,2.8
863,7.9
864,49.7
865,4.7
866,47.2
867,5.1
868,56.5
869,91.5
870,95.7
871,75.8
872,16.7
873,93.5
874,72.7
875,7.2
876,55.4
877,40.8
878,13.4
879,37.1
880,75.9
881,96.1
882,17
883,46.5
884,23.8
885,39.6
886,3.3
887,99.6
888,62.9
889,8.7
890,45
891,53.9
892,30.8
893,79
894,7.7
895,57.2
896,67.8
897,36.6
898,1.1
899,99.6
900,34.4
901,59.1
902,96.5
903,11.8
904,99.3
905,12.9
906,13
907,61
908,65.2
909,14.5
910,45.7
911,21
912,28.5
913,85.3
914,90.8
915,96.9
916,33.3
917,34
918,72.2
919,85.2
920,91.2
921,11.1
922,80.9
923,39.1
924,48.3
925,67.5
926,80.6
927,56.8
928,5
929,33.4
930,96.7
931,18.8
932,46.6
933,69.3
934,25.6
935,50.6
936,48
937,51.6
938,3.7
939,83.1
940,75.6
941,70.5
942,50.3
943,16.7
944,0.4
945,19.5
946,75.9
947,79.5
948,35.8
949,68.3
950,32.7
951,60.4
952,94.4
953,90.1
954,79.5
955,66.7
956,1.2
957,86
958,6.7
959,56.9
960,33.3
961,88.6
962,57.5
963,80.4
964,80
965,29.5
966,31.2
967,69.7
968,52.8
969,3.4
970,81.3
971,83.5
972,24.6
973,94
974,97.6
975,37.6
976,94.4
977,7.5
978,65.6
979,11.4
980,25.8
981,77.4
982,51.6
983,56.2
984,68.9
985,49
986,89.5
987,21.7
988,71.5
989,55.1
990,54.8
991,6.4
992,90.3
993,63.4
994,90.5
995,49.4
996,90.5
997,72.5
998,86.7
999,64.5
1000,68.5
1001,56.1
1002,70
1003,52.2
1004,13.5
1005,50.4
1006,97.9
1007,48.9
1008,71.9
1009,61.2
1010,33.3
1011,41
1012,21.7
1013,28.5
1014,38.4
1015,85
1016,96.4
1017,20.1
1018,68.6
1019,50.9
1020,94.6
1021,21.9
1022,13.4
1023,64.2
1024,75.5
1025,72.8
1026,40.3
1027,72.7
1028,24.3
1029,73.8
1030,75.7
1031,68.2
1032,43
1033,78.7
1034,67.2
1035,62
1036,9.2
1037,97.4
1038,47.8
1039,52.7
1040,5.9
1041,53.4
1042,14
1043,93.5
1044,20.6
1045,4.2
1046,95.2
1047,64
1048,57.3
1049,74.7
1050,94.8
1051,26.5
1052,25.1
1053,6.4
1054,52.1
1055,1.1
1056,61.9
1057,78.8
1058,29.9
1059,47.3
1060,19
1061,55.6
1062,99.4
1063,81.1
1064,15.7
1065,10.8
1066,68.5
1067,38.4
1068,30.7
1069,7.2
1070,63.9
1071,21.4
1072,94.2
1073,62.6
1074,2.4
1075,91
1076,66.7
1077,1.5
1078,97
1079,24.5
1080,46.2
1081,16.9
1082,11.9
1083,20.9
1084,67.9
1085,96.4
1086,17.1
1087,27.7
1088,67.9
1089,76
1090,58
1091,78.4
1092,24
1093,8.1
1094,36.3
1095,16.4
1096,91.8
1097,37.7
1098,68.2
1099,61.2
1100,85.5
1101,16.3
1102,41.6
1103,2.6
1104,90.7
1105,45.6
1106,57.9
1107,72.5
1108,37.2
1109,86.4
1110,14.3
1111,76.4
1112,42.5
1113,92.9
1114,80.3
1115,49.7
1116,19.5
1117,51.5
1118,87.2
1119,72.8
1120,19.3
1121,65.3
1122,50.7
1123,93.8
1124,33.9
1125,31.5
1126,88.4
1127,92.5
1128,62.3
1129,47.7
1130,29.5
1131,24.5
1132,64
1133,60.6
1134,65.7
1135,88.4
1136,95.1
1137,58.8
1138,51.8
1139,77.5
1140,47.8
1141,13.9
1142,28.7
1143,77.2
1144,46.4
1145,21.7
1146,20.1
1147,10.6
1148,81
1149,25.2
1150,40.6
1151,72.2
1152,16.6
1153,98.9
1154,33.9
1155,58.2
1156,44.7
1157,27.9
1158,70.8
1159,74
1160,33.2
1161,28.3
1162,27.4
1163,66.6
1164,70.4
1165,50.4
1166,42.5
1167,85.3
1168,30.9
1169,11.4
1170,75.9
1171,30.8
1172,20.8
1173,44.4
1174,41.1
1175,58.1
1176,75.6
1177,33.2
1178,13.1
1179,93.8
1180,45.1
1181,77
1182,69.9
1183,94.9
1184,97.8
1185,4.9
1186,31
1187,12.2
1188,19.7
1189,42.7
1190,36.3
1191,36.5
1192,55.9
1193,53
1194,51.1
1195,38
1196,7.3
1197,28.1
1198,38.7
1199,37.4
1200,21.5
1201,6.8
1202,91.4
1203,53.7
1204,71.8
1205,35.4
1206,53.7
1207,57.6
1208,74.8
1209,51.3
1210,89.4
1211,37.2
1212,86.1
1213,0.7
1214,71.2
1215,25.4
1216,88.3
1217,22
1218,95.9
1219,98.8
1220,90.1
1221,18.3
1222,39.1
1223,57.4
1224,85.5
1225,9.8
1226,28.4
1227,82.6
1228,14.9
1229,39.9
1230,39.3
1231,8
1232,61
1233,49.6
1234,30.8
1235,20
1236,69.6
1237,70.1
1238,33.5
1239,84.1
1240,35.8
1241,60.9
1242,63.7
1243,59.5
1244,91.8
1245,39.2
1246,45.3
1247,26.5
1248,88.9
1249,54.2
1250,3.9
1251,58.4
1252,16.2
1253,83.6
1254,38.9
1255,30.4
1256,44
1257,52.3
1258,50.5
1259,40.6
1260,70.9
1261,3.7
1262,0.1
1263,38.9
1264,79.2
1265,23.1
1266,37.3
1267,7.7
1268,69.8
1269,60.6
1270,92.8
1271,92.8
1272,73.1
1273,6.9
1274,40.6
1275,40.8
1276,5.5
1277,99.2
1278,40.5
1279,89.3
1280,81.7
1281,77.3
1282,50.6
1283,90.9
1284,76.6
1285,39.3
1286,59.8
1287,6
1288,49.5
1289,70.2
1290,68.7
1291,67.1
1292,83.6
1293,34.8
1294,32.4
1295,73.8
1296,95.2
1297,67.5
1298,6.3
1299,98.2
1300,24.6
1301,33.9
1302,6.9
1303,34.7
1304,52.1
1305,33.4
1306,47.3
1307,63.7
1308,92.3
1309,60.8
1310,28.9
1311,97.7
1312,74.6
1313,53.9
1314,0.7
1315,54.6
1316,33.4
1317,79.6
1318,20.8
1319,50.6
1320,8.3
1321,10.5
1322,12.7
1323,92.2
1324,2.8
1325,3.1
1326,43.1
1327,55.6
1328,45.4
1329,36.3
1330,89.5
1331,16.8
1332,49.2
1333,52
1334,9.7
1335,90.8
1336,12
1337,52.7
1338,52.1
1339,51.3
1340,23.7
1341,22.5
1342,76.8
1343,27.8
1344,68.4
1345,62.9
1346,34.6
1347,20.6
1348,45.3
1349,24.5
1350,36.8
1351,62.5
1352,98.6
1353,23.5
1354,16.1
1355,89.4
1356,41.5
1357,43.8
1358,76.7
1359,18.3
1360,91
1361,59.5
1362,54.4
1363,84.4
1364,69.5
1365,57.2
1366,97.5
1367,78.5
1368,13
1369,65.7
1370,37.5
1371,26.7
1372,27.1
1373,2
1374,68.9
1375,77.7
1376,9.8
1377,15.5
1378,60.1
1379,36.1
1380,51.1
1381,13.5
1382,70.9
1383,21.7
1384,9.8
1385,37.6
1386,46.1
1387,67.1
1388,58.4
1389,76.7
1390,93.6
1391,11
1392,97.4
1393,72.2
1394,0.7
1395,6.1
1396,69.8
1397,98
1398,25.6
1399,52.5
1400,62
1401,57.8
1402,5.2
1403,26.1
1404,77.3
1405,98.8
1406,53.1
1407,47.8
1408,26.5
1409,68.8
1410,43.4
1411,71.1
1412,1.1
1413,52.5
1414,26.2
1415,92.8
1416,1.5
1417,49
1418,62.9
1419,46.5
1420,46.5
1421,65.2
1422,99.7
1423,32.7
1424,52.5
1425,38.8
1426,42.4
1427,55.3
1428,52.8
1429,61.6
1430,39.1
1431,56.9
1432,57.9
1433,69.2
1434,72.5
1435,3.4
1436,11.9
1437,93.9
1438,25.5
1439,5.6
1440,85.5
1441,29.6
1442,54.4
1443,87.5
1444,84.5
1445,36.9
1446,58.8
1447,51.5
1448,65.8
1449,64.3
1450,58.1
1451,86.6
1452,28.5
1453,26.2
1454,99.4
1455,15.5
1456,5.4
1457,55.8
1458,88.5
1459,43.9
1460,20.6
1461,35.2
1462,20.1
1463,29
1464,40.2
1465,10.4
1466,57.2
1467,77
1468,17.9
1469,66.5
1470,65.7
1471,93.4
1472,63.3
1473,92.7
1474,6
1475,55.8
1476,75.4
1477,87.8
1478,73.9
1479,53
1480,66.3
1481,55.3
1482,77.8
1483,16.2
1484,21.2
1485,19
1486,52.7
1487,46.5
1488,82.6
1489,1.5
1490,89.7
1491,75
1492,70.3
1493,84.5
1494,19
1495,63.2
1496,34.8
1497,62.5
1498,14.4
1499,49.6
1500,28.2
1501,33
1502,14.3
1503,33.5
1504,43.9
1505,99.3
1506,40.6
1507,50.7
1508,58.2
1509,12.8
1510,6.5
1511,97.7
1512,75.3
1513,20.7
1514,38.9
1515,44.5
1516,79.4
1517,61.7
1518,84.3
1519,22.2
1520,70.8
1521,23
1522,42.2
1523,76.9
1524,58.1
1525,13.9
1526,9
1527,0.1
1528,78.8
1529,2.1
1530,86.4
1531,4.6
1532,19.5
1533,86.7
1534,38.4
1535,60.6
1536,2.2
1537,91.4
1538,82
1539,39.5
1540,88.8
1541,15.3
1542,72.5
1543,62.3
1544,45.8
1545,2.6
1546,81.7
1547,67.3
1548,59.4
1549,35.5
1550,32.2
1551,10.6
1552,11.9
1553,25.8
1554,95.8
1555,28.1
1556,84
1557,90.7
1558,97.8
1559,72.6
1560,69.8
1561,51.9
1562,56.8
1563,65.6
1564,94.3
1565,78.6
1566,84.9
1567,75.7
1568,1.2
1569,58.4
1570,57.5
1571,72.1
1572,53.7
1573,76.4
1574,69.3
1575,15.7
1576,46.7
1577,65
1578,42.5
1579,78.6
1580,19.7
1581,72.9
1582,81.7
1583,98.2
1584,33.6
1585,80
1586,12.7
1587,86.1
1588,97.3
1589,34
1590,14.5
1591,60.2
1592,19.8
1593,86
1594,27.1
1595,11.2
1596,79.4
1597,5.5
1598,92
1599,18.4
1600,10.6
1601,64.2
1602,67.7
1603,95.4
1604,78.8
1605,39.9
1606,53.1
1607,36.9
1608,2.9
1609,87.3
1610,90.2
1611,0.9
1612,28.2
1613,35.8
1614,94.9
1615,93
1616,47.7
1617,53.7
1618,54.7
1619,50.7
1620,97.2
1621,44.6
1622,24
1623,71.7
1624,24.9
1625,6.1
1626,62.5
1627,48
1628,67.3
1629,39.8
1630,48.6
1631,40.5
1632,83.4
1633,13.8
1634,84.8
1635,24.3
1636,92.4
1637,80.1
1638,81.3
1639,70.9
1640,61.9
1641,75.3
1642,77.1
1643,35.5
1644,3.9
1645,12.5
1646,33.9
1647,88.8
1648,68.1
1649,95.9
1650,93.4
1651,78.4
1652,62.8
1653,51.4
1654,67.7
1655,81.3
1656,19.2
1657,24.8
1658,85.8
1659,94.9
1660,79.8
1661,42.3
1662,42.5
1663,61.7
1664,18.2
1665,14.9
1666,26.8
1667,30.5
1668,62.4
1669,56.4
1670,5.8
1671,10.3
1672,23.7
1673,66.2
1674,64.6
1675,9.4
1676,84.2
1677,16.5
1678,25.6
1679,78.2
1680,79.5
1681,30.4
1682,46.2
1683,56.9
1684,79
1685,43.5
1686,99.4
1687,1
1688,62
1689,26
1690,63.5
1691,77
1692,22.5
1693,37
1694,84.5
1695,94.1
1696,31
1697,16.6
1698,98.2
1699,50.9
1700,40.9
1701,80.3
1702,77.3
1703,73.4
1704,4.6
1705,82.7
1706,74.8
1707,46.2
1708,28.4
1709,31.8
1710,7.8
1711,27.5
1712,39.7
1713,9
1714,69.4
1715,9.9
1716,57.2
1717,13.2
1718,38.6
1719,86
1720,13.3
1721,30.3
1722,45.9
1723,82.1
1724,28.6
1725,55.8
1726,91.1
1727,51.4
1728,78.9
1729,26.6
1730,74.7
1731,79.2
1732,84.8
1733,88.2
1734,51.8
1735,28.6
1736,83.3
1737,37.5
1738,60.4
1739,84.7
1740,2.8
1741,89.7
1742,90.2
1743,18.5
1744,60.6
1745,61.3
1746,2
1747,95.3
1748,40.8
1749,80
1750,98.3
1751,9.1
1752,73.2
1753,25
1754,92.1
1755,69.4
1756,48.8
1757,26.3
1758,24.2
1759,20
1760,88.4
1761,22.6
1762,46.4
1763,23.9
1764,53.8
1765,21.1
1766,44.9
1767,15.9
1768,70.1
1769,49.4
1770,68.7
1771,84.6
1772,98
1773,92.5
1774,64.5
1775,92.3
1776,42.8
1777,40.3
1778,7.5
1779,62.7
1780,59.3
1781,93.8
1782,64.6
1783,86.3
1784,80.2
1785,32.4
1786,77.5
1787,43.2
1788,72.1
1789,96
1790,83.4
1791,48.7
1792,92.6
1793,84.5
1794,37.3
1795,58.2
1796,77.1
1797,0.6
1798,50.8
1799,32.2
1800,65.8
1801,97.5
1802,47.9
1803,61.7
1804,76.2
1805,16.7
1806,24.2
1807,68.6
1808,62.3
1809,96.3
1810,27.9
1811,53.7
1812,45.2
1813,96.6
1814,92.4
1815,87.3
1816,16.2
1817,54.3
1818,90.7
1819,7.4
1820,58.5
1821,44
1822,26.4
1823,78.2
1824,16.9
1825,14.1
1826,10.7
1827,96
1828,0.8
1829,96.3
1830,68.7
1831,53.4
1832,34
1833,10.9
1834,6.4
1835,8.3
1836,9.7
1837,15.2
1838,71.1
1839,60.9
1840,54.3
1841,54.8
1842,63.7
1843,60.4
1844,13
1845,18
1846,32
1847,1.7
1848,3.9
1849,83.6
1850,24.8
1851,36.5
1852,45
1853,63.8
1854,55.2
1855,69.1
1856,42.7
1857,59.6
1858,53.7
1859,80.8
1860,40.4
1861,94.9
1862,81.8
1863,16.9
1864,66.4
1865,89.1
1866,83.2
1867,62.4
1868,93.5
1869,20.6
1870,65.4
1871,89.1
1872,20.9
1873,64.7
1874,59.7
1875,73.9
1876,17.9
1877,62.4
1878,91.8
1879,35.8
1880,65.3
1881,41
1882,43.3
1883,57.4
1884,44.3
1885,42.6
1886,72.5
1887,67
1888,40.5
1889,29.2
1890,3.6
1891,100
1892,39.5
1893,9.5
1894,48.9
1895,87.7
1896,61.3
1897,42.8
1898,24.2
1899,55.7
1900,33.6
1901,44.4
1902,77
1903,63.1
1904,72
1905,5.4
1906,97.8
1907,8.4
1908,58.1
1909,21
1910,19.2
1911,84.3
1912,69.2
1913,19
1914,51.7
1915,89
1916,92.8
1917,18.1
1918,65.9
1919,79.8
1920,41.5
1921,12
1922,80.9
1923,66.6
1924,86.3
1925,1.8
1926,31
1927,33.1
1928,35.5
1929,45.2
1930,20.6
1931,60.1
1932,37.4
1933,35
1934,38.1
1935,40
1936,88.1
1937,59.6
1938,33.7
1939,70.9
1940,99
1941,56.1
1942,49.2
1943,93.5
1944,90.4
1945,70.3
1946,74.5
1947,19.7
1948,36.7
1949,72.2
1950,30.9
1951,30.1
1952,93.8
1953,88.2
1954,14.5
1955,54.1
1956,40.5
1957,69.7
1958,38
1959,37.2
1960,87.3
1961,20.5
1962,28.3
1963,49.8
1964,25.9
1965,12
1966,5.6
1967,18.7
1968,66
1969,70
1970,84.3
1971,73.4
1972,56.4
1973,25
1974,22.7
1975,74.4
1976,30.8
1977,19.1
1978,36.4
1979,1.6
1980,88.3
1981,55.1
1982,17
1983,38.9
1984,59.6
1985,92.9
1986,7.6
1987,18.3
1988,67.7
1989,13.8
1990,97.8
1991,76.2
1992,84.5
1993,40.5
1994,10.5
1995,73.6
1996,76.5
1997,60.8
1998,5.9
1999,36.5
2000,24.5
2001,71.7
2002,34.6
2003,60.8
2004,72.2
2005,65.8
2006,84.1
2007,49.3
2008,76.3
2009,42.9
2010,42.1
2011,26.2
2012,68.7
2013,47.2
2014,39.3
2015,20.2
2016,5.6
2017,31.4
2018,33.1
2019,2.1
2020,2.8
2021,57.1
2022,16.9
2023,29.6
2024,64.3
2025,2.1
2026,19.8
2027,24.7
2028,21.2
2029,33.3
2030,4.5
2031,27.5
2032,47.1
2033,40.5
2034,83.6
2035,1
2036,20
2037,59.9
2038,35.5
2039,69.2
2040,66.7
2041,23
2042,68
2043,21.9
2044,29.2
2045,98.5
2046,23.9
2047,11.9
2048,31
2049,33.2
2050,10
2051,16.7
2052,68
2053,0.7
2054,73.4
2055,87.1
2056,72.6
2057,93.4
2058,71.2
2059,28.7
2060,6.6
2061,27.7
2062,44.7
2063,6.1
2064,68.6
2065,89.5
2066,32.8
2067,40.4
2068,10.7
2069,0.7
2070,55.4
2071,14.8
2072,61
2073,43.6
2074,73.6
2075,6.8
2076,70.4
2077,98.1
2078,87.6
2079,20
2080,98.8
2081,57
2082,90.4
2083,39.9
2084,42.4
2085,82.2
2086,72.1
2087,93.1
2088,2.9
2089,13
2090,82.4
2091,69
2092,49.8
2093,49
2094,25.3
2095,84.5
2096,94.4
2097,71.4
2098,39.1
2099,91.5
2100,31.4
2101,30.1
2102,77.6
2103,40.4
2104,57.8
2105,0.2
2106,66.7
2107,68.2
2108,45.5
2109,26.3
2110,44.1
2111,97.1
2112,26.6
2113,31.3
2114,9.5
2115,34.1
2116,84.6
2117,80.2
2118,75.9
2119,12.9
2120,33.6
2121,34.9
2122,33.5
2123,85.9
2124,91.5
2125,0.2
2126,45.6
2127,80
2128,84.3
2129,56.6
2130,42
2131,96.6
2132,93.8
2133,56.5
2134,15.7
2135,90.8
2136,83.4
2137,92.3
2138,79.7
2139,67.6
2140,68.9
2141,24.7
2142,4.4
2143,24.9
2144,72.4
2145,32.2
2146,99.1
2147,82
2148,77.4
2149,98.3
2150,31.2
2151,96.1
2152,48
2153,7.9
2154,32.4
2155,38.5
2156,29.6
2157,2.2
2158,86.7
2159,10.1
2160,50.5
2161,33
2162,14.3
2163,79.4
2164,76.9
2165,71.1
2166,51.9
2167,3.3
2168,79.8
2169,46.8
2170,5
2171,43.2
2172,35.2
2173,93.2
2174,41.6
2175,2.1
2176,55.1
2177,41.6
2178,41.8
2179,96.9
2180,3
2181,73
2182,89.9
2183,59.3
2184,60.7
2185,25.4
2186,6.7
2187,71
2188,68.1
2189,95.7
2190,17.1
2191,66
2192,88.5
2193,99.8
2194,93.4
2195,84.1
2196,52.9
2197,32
2198,82.9
2199,43.7
2200,8.8
2201,44.9
2202,92
2203,59.2
2204,19.7
2205,44
2206,72.4
2207,99.6
2208,41.1
2209,47.3
2210,5.9
2211,2.7
2212,70.2
2213,18.2
2214,46.4
2215,52.3
2216,88.2
2217,41.3
2218,84.8
2219,7.5
2220,66.9
2221,66.5
2222,94.4
2223,89.5
2224,97.2
2225,25.8
2226,98.9
2227,61.4
2228,52.5
2229,93.7
2230,15.4
2231,10.9
2232,27.4
2233,90.9
2234,33.6
2235,60.8
2236,49.3
2237,5.6
2238,24.6
2239,17.3
2240,96.1
2241,78.8
2242,12.4
2243,80.9
2244,15.3
2245,30.9
2246,35
2247,63.2
2248,58.9
2249,16
2250,77.4
2251,99.5
2252,32.2
2253,54.4
2254,38.3
2255,49.6
2256,3.8
2257,81.1
2258,29.6
2259,97.2
2260,35.5
2261,75.3
2262,5.9
2263,90.8
2264,47.7
2265,35.2
2266,51
2267,68.6
2268,13.1
2269,28.3
2270,33.2
2271,39.5
2272,81.8
2273,99.7
2274,12.6
2275,9.9
2276,98.6
2277,93.6
2278,12.8
2279,77.6
2280,98.9
2281,36
2282,93.9
2283,76
2284,48
2285,61.4
2286,62
2287,21
2288,79
2289,1.9
2290,12
2291,37.2
2292,95.5
2293,20.5
2294,6.6
2295,13.5
2296,57.6
2297,3.2
2298,90.1
2299,22.4
2300,73.6
2301,42.4
2302,57.9
2303,99.8
2304,7.2
2305,2.5
2306,1.6
2307,82.2
2308,70.6
2309,52.9
2310,80.6
2311,73
2312,34.4
2313,69.1
2314,0.3
2315,23.5
2316,93
2317,16.9
2318,66.8
2319,91.2
2320,98
2321,33.2
2322,42.3
2323,16.2
2324,1
2325,44.1
2326,11
2327,89.3
2328,71.6
2329,84.2
2330,38.9
2331,26.4
2332,46.3
2333,97.6
2334,38.8
2335,2.8
2336,48.2
2337,89.7
2338,94.6
2339,34.7
2340,18.6
2341,33.2
2342,92.4
2343,91.8
2344,69
2345,94.4
2346,85.2
2347,63.8
2348,60.1
2349,13.9
2350,67.3
2351,43.9
2352,82.6
2353,73.5
2354,98.9
2355,63.9
2356,96.6
2357,78.4
2358,76.8
2359,80
2360,18.5
2361,48.4
2362,72.5
2363,52.7
2364,13.4
2365,98.3
2366,13.1
2367,28.6
2368,39.3
2369,44.3
2370,67.4
2371,53.3
2372,46.6
2373,78.5
2374,96.4
2375,2.9
2376,67.1
2377,79.7
2378,32.2
2379,87.7
2380,58.2
2381,76.4
2382,11.7
2383,63.9
2384,67.6
2385,15.3
2386,88.8
2387,6.3
2388,31.1
2389,77.2
2390,6.2
2391,23.3
2392,78.6
2393,91
2394,74.4
2395,7.6
2396,30.2
2397,56
2398,85.2
2399,61.9
2400,78.5
2401,32
2402,7.4
2403,23.6
2404,98.6
2405,16.9
2406,60.4
2407,95.8
2408,46.4
2409,45.4
2410,34.1
2411,96.9
2412,36.9
2413,83.8
2414,5.7
2415,49.9
2416,49
2417,44.2
2418,94.8
2419,56.5
2420,74.5
2421,55.9
2422,89.4
2423,7.4
2424,26.7
2425,90.5
2426,51.8
2427,6.4
2428,13
2429,82.9
2430,86.5
2431,8.2
2432,68.7
2433,89.6
2434,64.4
2435,10
2436,68.4
2437,31.3
2438,12.1
2439,7.7
2440,98.2
2441,21.5
2442,77.6
2443,53.1
2444,48.9
2445,61.6
2446,32.8
2447,31
2448,58.9
2449,27.6
2450,19.3
2451,15.8
2452,7
2453,7.9
2454,6
2455,42
2456,83
2457,68.3
2458,36
2459,53
2460,18.8
2461,27.1
2462,37.1
2463,58.8
2464,20.3
2465,42.6
2466,3.1
2467,21
2468,43.1
2469,3.7
2470,9.6
2471,75.1
2472,81.1
2473,53.5
2474,18.7
2475,86.5
2476,93.8
2477,2.1
2478,63.6
2479,89.6
2480,66.8
2481,54.2
2482,26.7
2483,16.7
2484,75.7
2485,72.1
2486,99.5
2487,25.8
2488,52.2
2489,29.2
2490,87.4
2491,79.9
2492,70.2
2493,93.2
2494,12.1
2495,72.3
2496,68.3
2497,67.7
2498,82.5
2499,31.7
2500,29
2501,52.6
2502,85.1
2503,88.8
2504,92.6
2505,64.2
2506,76.6
2507,35.1
2508,54.6
2509,27.7
2510,0.8
2511,36.9
2512,88.1
2513,48.6
2514,27.6
2515,75.6
2516,22.9
2517,2.9
2518,50.2
2519,62
2520,14.2
2521,27
2522,24.7
2523,67.6
2524,90.2
2525,42.1
2526,62.2
2527,98.3
2528,50.9
2529,0.7
2530,0.6
2531,24.7
2532,36.3
2533,71.6
2534,77
2535,91.1
2536,5.5
2537,36.6
2538,35.8
2539,8.7
2540,37.1
2541,30.1
2542,63.9
2543,63.1
2544,12
2545,31.4
2546,24
2547,69.4
2548,87.2
2549,41.5
2550,12.5
2551,51.7
2552,15.3
2553,95.4
2554,12
2555,13.9
2556,49.3
2557,29.7
2558,79.1
2559,35.5
2560,61.9
2561,71.1
2562,6.2
2563,10
2564,99.8
2565,79.7
2566,84.5
2567,4.9
2568,55.6
2569,24.9
2570,76.4
2571,30.8
2572,74.5
2573,38.5
2574,75.3
2575,99.9
2576,37.6
2577,42.2
2578,34.2
2579,30.5
2580,29.7
2581,78.9
2582,60.4
2583,90
2584,95.5
2585,83.7
2586,25.8
2587,67.1
2588,81.4
2589,5.2
2590,60
2591,38.5
2592,93
2593,87.2
2594,22.5
2595,63.4
2596,47.4
2597,81.7
2598,96
2599,47.7
2600,51.5
2601,59.7
2602,11
2603,6.4
2604,58.9
2605,80.8
2606,62.4
2607,90.9
2608,78.1
2609,83.9
2610,45.8
2611,63.9
2612,44.7
2613,2.2
2614,81.9
2615,80.3
2616,24.3
2617,67.1
2618,32.6
2619,39.8
2620,92.7
2621,38.8
2622,1.8
2623,89.4
2624,74.3
2625,70
2626,46.7
2627,27.4
2628,76.3
2629,82.6
2630,22.7
2631,51.6
2632,8.2
2633,23.8
2634,27.8
2635,80.5
2636,28.9
2637,41.4
2638,21.9
2639,26.9
2640,39.6
2641,44.5
2642,78.5
2643,54.6
2644,18.4
2645,80.7
2646,48.4
2647,81.2
2648,13.6
2649,15.8
2650,19.1
2651,65.8
2652,55.8
2653,15
2654,53.4
2655,68.3
2656,27.2
2657,45.6
2658,56.8
2659,95.4
2660,52.6
2661,18.4
2662,57
2663,26.6
2664,64.3
2665,26.2
2666,77.4
2667,62.5
2668,32.5
2669,84.7
2670,55.7
2671,44.2
2672,53.3
2673,28.9
2674,77.2
2675,73.7
2676,7.9
2677,42.8
2678,28
2679,81.3
2680,11.9
2681,22.4
2682,59.9
2683,38.2
2684,7.1
2685,3.1
2686,35.2
2687,18
2688,43.6
2689,84
2690,39.4
2691,27.2
2692,59.2
2693,71.3
2694,78.8
2695,64.8
2696,64.9
2697,92.6
2698,88.6
2699,17.5
2700,11.2
2701,40.1
2702,46.8
2703,96.8
2704,97.4
2705,82.5
2706,25.9
2707,1
2708,22.4
2709,64.7
2710,36.3
2711,22.3
2712,31.3
2713,35.3
2714,70.3
2715,82.9
2716,8.8
2717,21.9
2718,0.6
2719,99.6
2720,76.3
2721,90
2722,11.8
2723,45.6
2724,9.3
2725,60.7
2726,29
2727,1.4
2728,60
2729,49.8
2730,82.3
2731,31.8
2732,76.1
2733,25.2
2734,78.8
2735,69.3
2736,28.6
2737,0.2
2738,48
2739,70.6
2740,90.2
2741,50.4
2742,9
2743,42
2744,3.7
2745,50.1
2746,2.8
2747,70.8
2748,83.3
2749,23.5
2750,0.8
2751,67.9
2752,59.3
2753,84.4
2754,59.3
2755,2.7
2756,36.8
2757,50.3
2758,52.2
2759,54.5
2760,16.1
2761,77.2
2762,40.9
2763,41.6
2764,27.7
2765,62.4
2766,5.1
2767,59.8
2768,12.8
2769,60.8
2770,13.6
2771,10.5
2772,91.4
2773,60.3
2774,99.7
2775,11
2776,9.2
2777,28.1
2778,15.8
2779,81.6
2780,3.8
2781,34.2
2782,85.6
2783,91.2
2784,94.7
2785,8.5
2786,68.2
2787,15.9
2788,77
2789,9.7
2790,46.3
2791,72.6
2792,38
2793,69.5
2794,17.7
2795,91
2796,99.6
2797,24.5
2798,48.2
2799,5
2800,43.9
2801,84.2
2802,21.1
2803,11
2804,95.8
2805,2.4
2806,21.4
2807,14.8
2808,28.2
2809,3.3
2810,43.4
2811,62.6
2812,26.8
2813,86.4
2814,92.8
2815,85.3
2816,35.1
2817,78.3
2818,10
2819,97.4
2820,12.4
2821,0.5
2822,32.1
2823,22
2824,40.4
2825,11.4
2826,8.2
2827,44.8
2828,77
2829,64.5
2830,31
2831,22.9
2832,0.9
2833,70.4
2834,36.9
2835,43.1
2836,65.7
2837,62.8
2838,38.6
2839,6
2840,49.1
2841,30.9
2842,60
2843,33.8
2844,87.8
2845,7.7
2846,36.1
2847,56.2
2848,0.6
2849,33.8
2850,19.6
2851,19.1
2852,52
2853,65.6
2854,98.4
2855,90.7
2856,24.4
2857,38.8
2858,92.1
2859,4.2
2860,60
2861,79.5
2862,8.9
2863,51.9
2864,86.1
2865,60.4
2866,3.3
2867,79.7
2868,24.9
2869,40.4
2870,32.2
2871,38.9
2872,96.4
2873,62.3
2874,81.2
2875,80.3
2876,53.1
2877,94.5
2878,54
2879,37.5
2880,83.7
2881,88
2882,28.1
2883,93.8
2884,65.6
2885,89.5
2886,42.2
2887,45
2888,95.9
2889,55.2
2890,12.2
2891,97.3
2892,32.4
2893,20.2
2894,15
2895,73.8
2896,96
2897,23.5
2898,65.1
2899,92.7
2900,11.9
2901,16.9
2902,20.5
2903,85.1
2904,70
2905,93.3
2906,80.7
2907,44.1
2908,60.3
2909,83.1
2910,27.6
2911,69.6
2912,43.2
2913,87.5
2914,43.4
2915,56.2
2916,47.8
2917,33.5
2918,33
2919,78.7
2920,11.5
2921,24.5
2922,60.5
2923,0.1
2924,27.3
2925,67.2
2926,94.1
2927,36.1
2928,61
2929,7.9
2930,92.4
2931,35.3
2932,75.9
2933,30.6
2934,48.8
2935,59.6
2936,21.4
2937,18
2938,7.6
2939,21.9
2940,20.8
2941,96.6
2942,19
2943,16.4
2944,60.3
2945,40.8
2946,65.8
2947,87.5
2948,77.8
2949,81.3
2950,44
2951,98.1
2952,76.2
2953,73.2
2954,99.7
2955,59.8
2956,14
2957,77.8
2958,97.8
2959,45.6
2960,37.9
2961,12.6
2962,47.7
2963,34
2964,70.2
2965,1.3
2966,41.1
2967,15.7
2968,57.1
2969,52.8
2970,70.9
2971,53
2972,25.4
2973,41.7
2974,67
2975,42
2976,73.1
2977,6.8
2978,90.6
2979,46.5
2980,13.6
2981,8.1
2982,5.2
2983,31.2
2984,63.3
2985,36.7
2986,22.2
2987,27.4
2988,41.6
2989,90.5
2990,36
2991,96
2992,9.4
2993,85
2994,15.3
2995,12.4
2996,7
2997,3.1
2998,17.8
2999,84.8
3000,22.7
3001,56
3002,68.5
3003,71.5
3004,88
3005,73.8
3006,88.5
3007,62.9
3008,61.1
3009,53
3010,10.9
3011,95.3
3012,41.1
3013,38.6
3014,40.1
3015,83.9
3016,67.5
3017,89.8
3018,13
3019,36.4
3020,72.3
3021,17.3
3022,72.2
3023,77
3024,88.6
3025,48.9
3026,36
3027,32.6
3028,53
3029,77.9
3030,66.2
3031,0.7
3032,36.9
3033,18.2
3034,17.3
3035,73.5
3036,48.7
3037,92.4
3038,65.4
3039,3.5
3040,6.7
3041,7.9
3042,75.2
3043,40.1
3044,81.7
3045,41.3
3046,70.2
3047,3.2
3048,39.3
3049,51.1
3050,60.7
3051,10.6
3052,39.4
3053,57.7
3054,51.1
3055,77.2
3056,23.4
3057,67.9
3058,83.5
3059,66.6
3060,12.7
3061,20.1
3062,31.4
3063,56.1
3064,2
3065,85.5
3066,75.8
3067,43.8
3068,44.4
3069,84.9
3070,58
3071,55
3072,7.7
3073,78.1
3074,23
3075,5.5
3076,7.3
3077,5.3
3078,28.9
3079,74.9
3080,68.6
3081,73
3082,61.4
3083,53.4
3084,72.1
3085,44.9
3086,36.9
3087,28.4
3088,88.8
3089,44.9
3090,39.8
3091,20.8
3092,88.2
3093,31.9
3094,40.2
3095,12.1
3096,46.9
3097,29
3098,27.5
3099,37.3
3100,85.2
3101,77
3102,55.9
3103,98.5
3104,61.4
3105,35.5
3106,43.1
3107,77.9
3108,25.1
3109,98.8
3110,29.8
3111,70.1
3112,83.2
3113,18.2
3114,95.7
3115,12.4
3116,60.1
3117,26.8
3118,56.8
3119,46.7
3120,96
3121,58.9
3122,4.2
3123,94.1
3124,35
3125,81.5
3126,56.9
3127,56.5
3128,5.7
3129,18.4
3130,24
3131,41.3
3132,63.5
3133,48.3
3134,79.1
3135,45.6
3136,73.6
3137,91.3
3138,39.6
3139,68
3140,64.4
3141,12.7
3142,69.5
3143,61.6
3144,88
3145,6.1
3146,37.6
3147,91.4
3148,85.1
3149,98.1
3150,10.9
3151,12.7
3152,70.8
3153,63.8
3154,61.7
3155,41.5
3156,42.1
3157,96.8
3158,7.6
3159,58.9
3160,26.6
3161,15.5
3162,73.3
3163,13.5
3164,21.2
3165,13.2
3166,78.2
3167,42.7
3168,35.6
3169,76.8
3170,6.2
3171,23.7
3172,51.4
3173,99.2
3174,18.9
3175,15.9
3176,27.7
3177,86.4
3178,24.2
3179,87.5
3180,78.9
3181,3.6
3182,9.1
3183,15.7
3184,97.2
3185,91.3
3186,10.9
3187,65
3188,94.6
3189,59.7
3190,5.3
3191,64.1
3192,81.9
3193,30.9
3194,82.7
3195,61.4
3196,38.9
3197,2.5
3198,91.5
3199,55.6
3200,64.8
3201,26
3202,22.6
3203,19.7
3204,30.9
3205,9.5
3206,83.9
3207,83.7
3208,32.6
3209,33.7
3210,28.3
3211,87.1
3212,88.7
3213,36
3214,95.5
3215,49.1
3216,72.1
3217,38.2
3218,83
3219,91.4
3220,87
3221,99.5
3222,13.3
3223,10.4
3224,22.5
3225,43.9
3226,54.8
3227,24.4
3228,92.7
3229,88.1
3230,63
3231,85.4
3232,83.5
3233,49.6
3234,47.1
3235,85
3236,5.1
3237,80.7
3238,91.6
3239,52.5
3240,19.7
3241,94.1
3242,24.7
3243,98.6
3244,96.9
3245,81.2
3246,54.1
3247,19.2
3248,76.6
3249,5.3
3250,78.6
3251,49.8
3252,41.8
3253,87.3
3254,83.5
3255,4.6
3256,54.3
3257,88.3
3258,36.7
3259,51.8
3260,20.5
3261,88.2
3262,90.2
3263,71.5
3264,1.7
3265,85.4
3266,9.2
3267,17.2
3268,71.8
3269,83.1
3270,47.2
3271,36.3
3272,43.4
3273,83.4
3274,10.6
3275,97.3
3276,16.1
3277,92.6
3278,4.7
3279,3.6
3280,1.1
3281,30.6
3282,2.2
3283,99.6
3284,58.2
3285,73.2
3286,29.5
3287,91.6
3288,13.3
3289,22.9
3290,27.9
3291,69.5
3292,10.5
3293,86.7
3294,14
3295,20.7
3296,96.9
3297,53.9
3298,21.7
3299,29.4
3300,32.3
3301,50
3302,58.4
3303,40
3304,65
3305,86.4
3306,24.6
3307,68.4
3308,70.2
3309,37
3310,71
3311,96
3312,43.2
3313,44.6
3314,84.3
3315,99.3
3316,60.8
3317,14.9
3318,11.4
3319,46.6
3320,47.9
3321,9.2
3322,1.2
3323,56.5
3324,56.8
3325,43.5
3326,42.8
3327,11.7
3328,39.6
3329,56.3
3330,56.1
3331,93.5
3332,67.4
3333,5.6
3334,92.7
3335,23.7
3336,30.4
3337,26.3
3338,63.8
3339,81.4
3340,68.6
3341,34.7
3342,95.6
3343,36
3344,50
3345,17.8
3346,76.1
3347,39.3
3348,77.1
3349,2.2
3350,74.1
3351,40.6
3352,41.4
3353,59.6
3354,61.8
3355,27.1
3356,15.7
3357,44.2
3358,64
3359,13.6
3360,79.2
3361,13.6
3362,86.2
3363,3
3364,32.2
3365,8.3
3366,73.8
3367,41.9
3368,25.4
3369,77.3
3370,65.7
3371,90.8
3372,10
3373,75.3
3374,96.6
3375,20.5
3376,23
3377,27.7
3378,65.3
3379,17.5
3380,91.2
3381,43.7
3382,88.5
3383,17.1
3384,82.1
3385,51.1
3386,28.9
3387,40.9
3388,54.5
3389,10.3
3390,89.9
3391,23.5
3392,13.6
3393,11.5
3394,11
3395,84.5
3396,18.6
3397,99.2
3398,12.1
3399,81.6
3400,92.4
3401,51.1
3402,25.4
3403,25.6
3404,26.3
3405,21.1
3406,40.6
3407,93.2
3408,8.3
3409,24.9
3410,47.3
3411,88.5
3412,49.8
3413,70
3414,39.5
3415,49.5
3416,52.7
3417,49.2
3418,98.5
3419,20.4
3420,65.3
3421,11.5
3422,91
3423,33.4
3424,39.2
3425,97.8
3426,7.8
3427,91
3428,11.8
3429,40.9
3430,30.3
3431,42
3432,9.5
3433,44.7
3434,72.1
3435,61.7
3436,31.3
3437,55.3
3438,50.9
3439,33.5
3440,50.8
3441,40.6
3442,44.1
3443,90.5
3444,8.6
3445,49.1
3446,30.6
3447,7.8
3448,86.9
3449,23.4
3450,35.5
3451,61.2
3452,39.9
3453,87.5
3454,54.2
3455,70.3
3456,97.5
3457,34.1
3458,29.4
3459,29.2
3460,93.7
3461,2.2
3462,38.1
3463,26.1
3464,39
3465,38.1
3466,19.3
3467,64
3468,57.5
3469,94
3470,20.7
3471,38.1
3472,83.7
3473,7.6
3474,69.7
3475,54.5
3476,57.9
3477,14.8
3478,62.9
3479,0.7
3480,10.8
3481,95.8
3482,71.7
3483,28
3484,57.6
3485,11.8
3486,46.5
3487,76.6
3488,47.1
3489,68.9
3490,79.2
3491,78.8
3492,33.3
3493,60.3
3494,59.7
3495,84.6
3496,69.3
3497,12.5
3498,42
3499,72.2
3500,22.2
3501,32.2
3502,60.4
3503,43.3
3504,53
3505,55.7
3506,85.1
3507,77.7
3508,55
3509,85.5
3510,17.2
3511,66.2
3512,50.4
3513,99.8
3514,72.7
3515,72.8
3516,8.9
3517,34.7
3518,14.9
3519,73.3
3520,27.2
3521,75.9
3522,38.7
3523,77.3
3524,81.1
3525,42.1
3526,98.8
3527,51.2
3528,73
3529,33.7
3530,48.9
3531,88.5
3532,17.9
3533,90
3534,46.4
3535,89.9
3536,48.9
3537,63.9
3538,8
3539,66.3
3540,24.9
3541,84.2
3542,11.6
3543,20.2
3544,2.7
3545,29.8
3546,49.3
3547,28.3
3548,53
3549,68.6
3550,22.2
3551,12.5
3552,55
3553,73
3554,6.1
3555,87
3556,80.2
3557,94
3558,20.3
3559,45.6
3560,9.2
3561,85.2
3562,35.8
3563,97.7
3564,67.2
3565,48.9
3566,3.7
3567,57.6
3568,18.4
3569,31.1
3570,21.3
3571,89.8
3572,67.8
3573,16.7
3574,95
3575,41.2
3576,83.7
3577,38.8
3578,56.6
3579,9.7
3580,43.2
3581,7.2
3582,98
3583,20.5
3584,47.5
3585,78.2
3586,64.6
3587,65.2
3588,17.7
3589,78.2
3590,6
3591,98.6
3592,15.2
3593,38.4
3594,30.9
3595,34.1
3596,98
3597,49.8
3598,35
3599,79
3600,53.2
3601,99.8
3602,74.7
3603,69.8
3604,82
3605,75.2
3606,56.2
3607,25.5
3608,89.1
3609,16.1
3610,15.1
3611,67.2
3612,91.8
3613,49.4
3614,87.8
3615,11.6
3616,10.9
3617,16.9
3618,8.7
3619,22
3620,62.6
3621,71.1
3622,96.5
3623,57.9
3624,99.5
3625,64.6
3626,25.1
3627,92
3628,94.5
3629,26.1
3630,2.5
3631,28
3632,20.1
3633,53.1
3634,15.1
3635,87.5
3636,75.4
3637,82.8
3638,89.3
3639,55.6
3640,42.9
3641,6.6
3642,14.6
3643,92.7
3644,16.9
3645,8
3646,47.2
3647,8
3648,53.6
3649,39
3650,44.7
3651,91.6
3652,52.5
3653,22
3654,77.8
3655,53.6
3656,46.6
3657,71.3
3658,93.1
3659,60.2
3660,66.3
3661,19.3
3662,48.2
3663,34.9
3664,45.1
3665,54.1
3666,89
3667,40
3668,51.8
3669,50.3
3670,84.2
3671,35.5
3672,7.8
3673,98.4
3674,41.1
3675,77.3
3676,16.6
3677,52.3
3678,65.3
3679,1.9
3680,86
3681,48
3682,74.7
3683,43.1
3684,13.8
3685,56.4
3686,71.4
3687,56.2
3688,58.6
3689,63.8
3690,69.4
3691,78.1
3692,0.1
3693,7.5
3694,19.2
3695,47.4
3696,49.7
3697,40
3698,69.4
3699,4.4
3700,68.4
3701,69.8
3702,80
3703,91
3704,55.1
3705,51.6
3706,44.9
3707,0.5
3708,97.1
3709,86.3
3710,93.8
3711,1.5
3712,93
3713,41.9
3714,78.8
3715,26.8
3716,45.2
3717,89.2
3718,93.4
3719,12.4
3720,81.2
3721,94.5
3722,90.2
3723,53.1
3724,59.6
3725,28.1
3726,63.1
3727,27.2
3728,59.6
3729,5.6
3730,37.9
3731,6.5
3732,38.6
3733,77.9
3734,66.1
3735,40.4
3736,47.9
3737,43.4
3738,12.5
3739,77.4
3740,24.4
3741,88.2
3742,0.1
3743,93.7
3744,69.1
3745,78.3
3746,68.3
3747,45.7
3748,27.8
3749,82.2
3750,86.5
3751,90.8
3752,90.2
3753,1.3
3754,76.9
3755,11.6
3756,68.5
3757,3.7
3758,79.2
3759,24.4
3760,49.8
3761,38.1
3762,4.8
3763,44.7
3764,82.5
3765,75.1
3766,74.8
3767,70.3
3768,6.9
3769,66.2
3770,31.1
3771,75.4
3772,44.7
3773,58
3774,85.8
3775,78
3776,16.8
3777,19
3778,14.3
3779,82.5
3780,76.8
3781,93.7
3782,96.8
3783,14.1
3784,15.3
3785,81.2
3786,85.4
3787,20.6
3788,75.9
3789,87.7
3790,26.9
3791,23.7
3792,29.2
3793,74.1
3794,24.3
3795,45.7
3796,29.2
3797,78.5
3798,21.4
3799,41.5
3800,16.9
3801,29
3802,0.9
3803,6.3
3804,62.2
3805,73.9
3806,7.4
3807,78.2
3808,39.9
3809,43.7
3810,11.1
3811,56.8
3812,36.1
3813,53.4
3814,37
3815,78.3
3816,42.4
3817,95.9
3818,98.5
3819,15.2
3820,41.3
3821,35.7
3822,99
3823,74.5
3824,24.5
3825,89.2
3826,22.1
3827,24
3828,19.2
3829,42.3
3830,17.7
3831,65.2
3832,28.4
3833,43.4
3834,94.1
3835,79.8
3836,21.1
3837,21.8
3838,62.5
3839,90.8
3840,58.9
3841,7.8
3842,8.9
3843,61.1
3844,36.3
3845,63.9
3846,51.4
3847,55.9
3848,1.3
3849,88.3
3850,17.1
3851,44.7
3852,34.5
3853,32.9
3854,0.7
3855,63.5
3856,92.8
3857,14.5
3858,58.8
3859,25.4
3860,33.6
3861,54.6
3862,25.2
3863,2.5
3864,28.2
3865,74.8
3866,12.8
3867,12.2
3868,51.9
3869,95.5
3870,62.8
3871,81.7
3872,94.5
3873,82.7
3874,21.2
3875,9.4
3876,76.6
3877,25.8
3878,92.2
3879,5.3
3880,81.2
3881,44
3882,94.1
3883,56.9
3884,68.7
3885,96.7
3886,23
3887,80.1
3888,81.2
3889,29.7
3890,73.3
3891,78.2
3892,26.6
3893,17.6
3894,35.6
3895,66.8
3896,34.1
3897,56.7
3898,13.9
3899,78.8
3900,53.5
3901,9.6
3902,57.1
3903,53.7
3904,59.6
3905,66.8
3906,66
3907,31.9
3908,67.2
3909,16.5
3910,63.3
3911,52.7
3912,96.3
3913,69.3
3914,47.1
3915,83.6
3916,78.9
3917,69.4
3918,87.1
3919,47.4
3920,19.4
3921,74.3
3922,73.3
3923,4.1
3924,56.2
3925,27.7
3926,66.9
3927,4.6
3928,27.8
3929,34.6
3930,68.4
3931,9.3
3932,73.4
3933,39.5
3934,76.4
3935,73.4
3936,35.7
3937,69.7
3938,77
3939,9.2
3940,78
3941,31.3
3942,67.4
3943,95.2
3944,23
3945,48.8
3946,38
3947,56
3948,74.2
3949,33.8
3950,49.9
3951,73.3
3952,22.4
3953,54.8
3954,59.8
3955,89.4
3956,85.4
3957,85.4
3958,58.3
3959,23.1
3960,6
3961,18.7
3962,74.4
3963,93.2
3964,27.4
3965,76.2
3966,74.5
3967,19.6
3968,58.4
3969,65.1
3970,99.1
3971,14.2
3972,85.2
3973,25.1
3974,15.6
3975,96.1
3976,49.5
3977,71.9
3978,59.2
3979,76.9
3980,32.3
3981,13.2
3982,18.2
3983,42.2
3984,60.6
3985,52.5
3986,53.6
3987,34.2
3988,40.5
3989,81.5
3990,88.4
3991,99.5
3992,51.7
3993,27.5
3994,59.7
3995,15.2
3996,39.8
3997,58.8
3998,69.3
3999,78.9
4000,63
4001,22.7
4002,54.1
4003,54.5
4004,29.7
4005,80.2
4006,72.1
4007,87.6
4008,21.7
4009,98.8
4010,10.5
4011,74.4
4012,50.3
4013,27.3
4014,77.9
4015,82.2
4016,81.9
4017,68.1
4018,34.3
4019,47.8
4020,92.3
4021,61.2
4022,48.4
4023,32.2
4024,81
4025,36.4
4026,11.6
4027,70.1
4028,78.9
4029,60.1
4030,10.3
4031,48.4
4032,23.3
4033,60.7
4034,65.8
4035,71.8
4036,45.3
4037,81.3
4038,67.7
4039,59
4040,37
4041,60
4042,83.3
4043,49.7
4044,66.6
4045,13.4
4046,19.3
4047,87.6
4048,39.2
4049,69.3
4050,90.5
4051,26.5
4052,67.3
4053,69.8
4054,30.9
4055,22
4056,35.3
4057,62.9
4058,97.6
4059,49.9
4060,79.5
4061,55.5
4062,86
4063,35.6
4064,96.8
4065,99.9
4066,63.2
4067,61
4068,0.6
4069,39.2
4070,28.8
4071,87
4072,38.4
4073,40.7
4074,33.2
4075,98
4076,39.6
4077,3.4
4078,52.6
4079,15.7
4080,68.1
4081,84.4
4082,96.3
4083,84.3
4084,54.4
4085,94.2
4086,86.8
4087,69.9
4088,95.4
4089,83.2
4090,73.1
4091,44.2
4092,39.6
4093,19.5
4094,79.6
4095,9.3
4096,87.7
4097,55.9
4098,64.1
4099,19.9
4100,21.2
4101,85.6
4102,59.1
4103,96.9
4104,41.1
4105,96.3
4106,8.7
4107,91.3
4108,23.5
4109,27.6
4110,12.3
4111,99.3
4112,5.4
4113,88.8
4114,7.3
4115,6.2
4116,44.6
4117,40.6
4118,40
4119,27.8
4120,1.2
4121,88
4122,61.8
4123,91.1
4124,58.5
4125,41.7
4126,57.2
4127,30.1
4128,60.5
4129,13.5
4130,96.6
4131,54.9
4132,58.5
4133,42.1
4134,70.7
4135,33.8
4136,0.7
4137,98
4138,1.3
4139,46.5
4140,29
4141,24.7
4142,91.2
4143,74.5
4144,37.6
4145,23.9
4146,73.5
4147,5.3
4148,62
4149,66.1
4150,31
4151,38.8
4152,75.4
4153,38.7
4154,26.1
4155,21.6
4156,61.6
4157,55.5
4158,16.7
4159,94.8
4160,46.4
4161,81
4162,72.9
4163,52.3
4164,11.7
4165,18.8
4166,83.8
4167,97.6
4168,91.6
4169,66.7
4170,64.7
4171,52.1
4172,15.8
4173,65.3
4174,56.4
4175,33.5
4176,23.5
4177,36
4178,71.6
4179,4.7
4180,52.6
4181,91.3
4182,57.5
4183,90
4184,85.3
4185,87.1
4186,56.6
4187,21.5
4188,54.6
4189,41.4
4190,14.7
4191,70.1
4192,98
4193,16.4
4194,81.5
4195,31.5
4196,75.2
4197,59.6
4198,60.1
4199,23.4
4200,48.3
4201,86.3
4202,9
4203,20.7
4204,68.4
4205,47.3
4206,90.8
4207,64.8
4208,30.9
4209,71.5
4210,54.6
4211,26.1
4212,98.9
4213,67.2
4214,76.2
4215,63.4
4216,73.8
4217,3.7
4218,77.5
4219,48.6
4220,17.2
4221,32.7
4222,40.7
4223,32.6
4224,73.3
4225,96.4
4226,6.6
4227,24.3
4228,44.1
4229,16.7
4230,67.8
4231,13.7
4232,18.5
4233,19.6
4234,84.4
4235,3.4
4236,66.9
4237,92.3
4238,67
4239,33.9
4240,9.2
4241,62.7
4242,56.1
4243,19.3
4244,31.8
4245,28.4
4246,41.3
4247,22.6
4248,82.2
4249,95.2
4250,74.4
4251,63.2
4252,35.8
4253,66.4
4254,60.2
4255,20.7
4256,27.2
4257,35.5
4258,29
4259,24.7
4260,1.5
4261,56
4262,35.2
4263,24
4264,29.5
4265,21.3
4266,1.6
4267,69
4268,70.9
4269,48.3
4270,11.7
4271,52
4272,63.9
4273,44.2
4274,62.9
4275,89.1
4276,90.7
4277,12.1
4278,72.3
4279,74.5
4280,2
4281,28.3
4282,73.6
4283,16.9
4284,38.7
4285,92.8
4286,20.6
4287,64.1
4288,86.4
4289,17.2
4290,93
4291,22.7
4292,94.1
4293,77.4
4294,84
4295,99.7
4296,24.4
4297,26.4
4298,11.9
4299,58.8
4300,4.7
4301,20
4302,39.1
4303,8.9
4304,6.9
4305,7.2
4306,35.1
4307,29.8
4308,10
4309,56.7
4310,89.3
4311,22.8
4312,34.5
4313,96.6
4314,58.9
4315,67.8
4316,58
4317,75.6
4318,92.5
4319,87.7
4320,63.8
4321,51.6
4322,85.9
4323,12.5
4324,19.9
4325,93
4326,41.9
4327,15.2
4328,98.7
4329,1.2
4330,6.2
4331,81.7
4332,78.6
4333,32.4
4334,26.3
4335,92.8
4336,62
4337,65.5
4338,9.4
4339,41
4340,20.5
4341,49.7
4342,39.5
4343,49.7
4344,28.1
4345,76.8
4346,39.5
4347,0
4348,84.7
4349,15.8
4350,92.2
4351,44.6
4352,8.1
4353,41.7
4354,77.8
4355,50.8
4356,41.3
4357,68.2
4358,94.6
4359,41.3
4360,91.3
4361,61.7
4362,30.8
4363,45.4
4364,68
4365,44.9
4366,7
4367,33.5
4368,26.6
4369,59.1
4370,43.7
4371,49.6
4372,6.5
4373,0.6
4374,62
4375,1
4376,48
4377,29.4
4378,62.4
4379,95.9
4380,98.9
4381,33.4
4382,31.5
4383,44.3
4384,33.6
4385,54.8
4386,22
4387,59.5
4388,82.9
4389,65.2
4390,61.6
4391,90.7
4392,94.9
4393,42.2
4394,84.8
4395,95.3
4396,24.3
4397,80.7
4398,93.6
4399,52
4400,34.7
4401,3.3
4402,51.4
4403,84.2
4404,54.1
4405,35.5
4406,22.8
4407,93.7
4408,10.3
4409,46.8
4410,93.8
4411,18.9
4412,92.3
4413,96
4414,66.8
4415,20.1
4416,60.8
4417,11
4418,38.7
4419,20.1
4420,99.6
4421,37.2
4422,9
4423,18.7
4424,14.6
4425,50.2
4426,56
4427,72.7
4428,35.6
4429,51.7
4430,82.9
4431,26.6
4432,54.3
4433,72.5
4434,23
4435,24.2
4436,33.3
4437,92.6
4438,85.1
4439,16
4440,84.7
4441,73.8
4442,90.9
4443,87
4444,81.4
4445,76.4
4446,87.6
4447,88.8
4448,45.3
4449,33.8
4450,13.7
4451,27.7
4452,58.6
4453,26.5
4454,21
4455,0.7
4456,31.7
4457,95.1
4458,89.7
4459,68.2
4460,25.3
4461,92.7
4462,71.7
4463,38.8
4464,55.7
4465,27.8
4466,16.2
4467,41
4468,44.9
4469,54.6
4470,23.8
4471,57.2
4472,77.5
4473,52.7
4474,10.2
4475,63.3
4476,25.7
4477,87
4478,47
4479,33.9
4480,10.4
4481,55.3
4482,0.5
4483,35.4
4484,38.8
4485,52.7
4486,87.7
4487,61.4
4488,70.3
4489,88.1
4490,22.8
4491,40.9
4492,67.8
4493,55.1
4494,73.7
4495,63.2
4496,12.4
4497,84.5
4498,61.4
4499,12.5
4500,18.5
4501,74.3
4502,60.1
4503,80
4504,66.4
4505,44.5
4506,53
4507,61.4
4508,99.9
4509,27.5
4510,94.8
4511,67.7
4512,83.2
4513,63.1
4514,33.3
4515,64.7
4516,80.8
4517,10.7
4518,48.5
4519,31.9
4520,99.9
4521,75.9
4522,34.8
4523,22.5
4524,77.2
4525,4.5
4526,10.1
4527,96
4528,16.6
4529,53.3
4530,76.4
4531,21.6
4532,60.4
4533,94.8
4534,56.9
4535,90.1
4536,66.9
4537,71.2
4538,49.2
4539,94.7
4540,84.2
4541,92.5
4542,32.1
4543,94.7
4544,51.8
4545,90.1
4546,27.9
4547,13
4548,6.6
4549,9.7
4550,53.9
4551,95.3
4552,56.1
4553,72.2
4554,61.4
4555,62.1
4556,48.7
4557,23.3
4558,15
4559,13.2
4560,82.2
4561,10.6
4562,94.4
4563,45.9
4564,72.6
4565,8.7
4566,7.9
4567,91.4
4568,58.6
4569,23.7
4570,0.1
4571,8.5
4572,45
4573,20
4574,75.4
4575,57.8
4576,66.6
4577,8.3
4578,86.6
4579,11.3
4580,72.3
4581,69.4
4582,35.2
4583,99.4
4584,92.5
4585,5.4
4586,99.7
4587,21.9
4588,11.1
4589,84.1
4590,55.2
4591,19.4
4592,73.3
4593,7.6
4594,30
4595,67.9
4596,50.6
4597,19.9
4598,52.3
4599,51.6
4600,20.1
4601,75.7
4602,2.2
4603,28.4
4604,28
4605,91.9
4606,1.4
4607,15
4608,79.8
4609,12.4
4610,31.5
4611,54.8
4612,37.1
4613,90.3
4614,79.4
4615,16.6
4616,39.4
4617,56.3
4618,28.1
4619,26.7
4620,10.5
4621,16.8
4622,6.4
4623,59.4
4624,58.4
4625,86.3
4626,92.8
4627,32.5
4628,51.4
4629,11.7
4630,75.4
4631,90.8
4632,5.8
4633,50.6
4634,22.5
4635,42.5
4636,18.7
4637,15.9
4638,98.8
4639,82.6
4640,29.6
4641,14.9
4642,16.5
4643,99
4644,86.1
4645,16
4646,62.8
4647,5.8
4648,89.1
4649,32.2
4650,23
4651,25.5
4652,87.9
4653,0.8
4654,45.6
4655,70.5
4656,16.7
4657,12.4
4658,78.6
4659,25.4
4660,30.1
4661,15.9
4662,90.2
4663,87.3
4664,90.3
4665,66.3
4666,64.8
4667,54.7
4668,4.2
4669,21.1
4670,23.5
4671,76.8
4672,99
4673,44
4674,21.6
4675,17.9
4676,89.5
4677,59.3
4678,74.8
4679,71.4
4680,72
4681,83.5
4682,41.4
4683,17.9
4684,9.3
4685,92.3
4686,70.7
4687,98.3
4688,91.5
4689,52
4690,61.3
4691,23.2
4692,17.7
4693,9.9
4694,72.5
4695,76.4
4696,48.4
4697,13.6
4698,98.9
4699,80.8
4700,25.9
4701,70.5
4702,17.6
4703,73.8
4704,48.4
4705,74.5
4706,13.5
4707,43.2
4708,89.2
4709,8.6
4710,4.3
4711,43
4712,79.1
4713,56.3
4714,82.9
4715,4.4
4716,61.6
4717,76.9
4718,26.6
4719,98.9
4720,53.2
4721,28.6
4722,3.8
4723,19
4724,27.4
4725,48.4
4726,54.4
4727,16.8
4728,55.2
4729,33.3
4730,66.7
4731,97.9
4732,99.3
4733,42.4
4734,4.2
4735,49.5
4736,55.2
4737,12.5
4738,83.8
4739,13.9
4740,71.1
4741,84.7
4742,74.4
4743,93.2
4744,1.7
4745,69.3
4746,91.5
4747,1.3
4748,3.2
4749,67.4
4750,5.7
4751,19.1
4752,70.7
4753,24.6
4754,10.5
4755,67.1
4756,94.1
4757,37.7
4758,3
4759,92
4760,75.8
4761,40.1
4762,15
4763,22.5
4764,80.8
4765,88
4766,49.7
4767,38.9
4768,9.8
4769,54.4
4770,4.8
4771,57.3
4772,88.7
4773,85
4774,79.5
4775,89.2
4776,20
4777,51.9
4778,55.9
4779,54
4780,45.6
4781,60
4782,56.8
4783,67.2
4784,14.7
4785,91.3
4786,2.5
4787,83.9
4788,28.4
4789,36.1
4790,93.7
4791,56
4792,92.6
4793,51.5
4794,50.7
4795,61.8
4796,20.6
4797,80.1
4798,94.4
4799,2.2
4800,5.5
4801,68.6
4802,39
4803,79.2
4804,20.1
4805,66.4
4806,29.9
4807,44.1
4808,93.9
4809,70.4
4810,92.4
4811,31.8
4812,95.5
4813,6.8
4814,15.2
4815,69.6
4816,19
4817,1.7
4818,89.1
4819,41.6
4820,58
4821,63.4
4822,2.4
4823,69.8
4824,31.7
4825,26.7
4826,48.9
4827,91.5
4828,77.1
4829,66.8
4830,85.2
4831,16.8
4832,13.9
4833,76.6
4834,16.2
4835,48.6
4836,98.2
4837,96
4838,31.9
4839,41.2
4840,68.7
4841,38.1
4842,0.8
4843,81.3
4844,98.7
4845,37.1
4846,93
4847,75.4
4848,87.9
4849,5.7
4850,96.2
4851,22.1
4852,84.5
4853,61.8
4854,52.8
4855,48.8
4856,87.9
4857,56.6
4858,76.2
4859,44.2
4860,19.3
4861,73.8
4862,18.4
4863,9.3
4864,29.8
4865,67
4866,33.4
4867,18.9
4868,95.9
4869,60.2
4870,82.2
4871,24.4
4872,12
4873,93.7
4874,73.5
4875,31.1
4876,4.7
4877,87.9
4878,87.3
4879,60.1
4880,85.3
4881,70.9
4882,72.2
4883,58.1
4884,27
4885,7.3
4886,89.9
4887,2.5
4888,16.4
4889,68.9
4890,2.5
4891,71.3
4892,87.9
4893,79.8
4894,91.9
4895,63.1
4896,67
4897,85.6
4898,10.8
4899,62.5
4900,28.6
4901,73.7
4902,21.5
4903,29.1
4904,1.1
4905,24
4906,79.2
4907,14.9
4908,99.2
4909,76.2
4910,57.1
4911,46.3
4912,38.3
4913,87
4914,85.4
4915,61.7
4916,97.8
4917,32.7
4918,32.6
4919,54.2
4920,65.9
4921,44.1
4922,53.9
4923,67.3
4924,3.1
4925,83.5
4926,8.8
4927,79.9
4928,69.8
4929,73.8
4930,82.8
4931,20.9
4932,72.7
4933,90.9
4934,89.6
4935,6.3
4936,69.8
4937,7.2
4938,34
4939,58.2
4940,50.9
4941,23.2
4942,63.4
4943,71
4944,74.5
4945,55
4946,65.8
4947,80.1
4948,73.9
4949,83.3
4950,1.5
4951,98.7
4952,87.3
4953,9.8
4954,14.9
4955,27.8
4956,3.3
4957,69.8
4958,68.4
4959,9.1
4960,72.8
4961,49.8
4962,51.8
4963,13.8
4964,86.7
4965,78.4
4966,86.8
4967,84.8
4968,64.3
4969,23.9
4970,14.6
4971,41.1
4972,72.9
4973,74.9
4974,19
4975,1.7
4976,58.7
4977,62.2
4978,11
4979,43.6
4980,90.3
4981,45.6
4982,47.1
4983,96.2
4984,44.7
4985,1.3
4986,87.5
4987,43
4988,40.5
4989,85.4
4990,55.8
4991,18.3
4992,14.4
4993,84.7
4994,46.9
4995,96.5
4996,29.7
4997,44.8
4998,80.4
4999,36.8
5000,94.3
5001,66
5002,91.6
5003,28.2
5004,81.9
5005,14
5006,73.6
5007,57.8
5008,59.5
5009,99.7
5010,34.5
5011,23.7
5012,37.2
5013,71.3
5014,62.9
5015,72.7
5016,2.8
5017,50.3
5018,67.8
5019,63.7
5020,39.8
5021,91.8
5022,92
5023,8.6
5024,85.2
5025,99.8
5026,12.8
5027,8.5
5028,57
5029,22.4
5030,13.2
5031,2.1
5032,51.9
5033,98.3
5034,81.1
5035,78.9
5036,40.6
5037,32.4
5038,77.2
5039,55
5040,8.6
5041,77.8
5042,40.7
5043,48.2
5044,81.9
5045,96.8
5046,76.9
5047,31.5
5048,2.3
5049,22.9
5050,14.2
5051,39.5
5052,93.9
5053,1.3
5054,63.2
5055,24.3
5056,45
5057,53.6
5058,57.3
5059,82.3
5060,33.3
5061,21.9
5062,91.2
5063,82
5064,70.7
5065,25.3
5066,23.5
5067,8.6
5068,43.8
5069,61.2
5070,71.9
5071,96.9
5072,67.9
5073,20.2
5074,14.1
5075,62.6
5076,67.9
5077,86.1
5078,59.6
5079,86.4
5080,54.2
5081,61.7
5082,75.8
5083,68.5
5084,16
5085,13.5
5086,53.3
5087,92.2
5088,27.5
5089,66.3
5090,58.1
5091,62.1
5092,84.1
5093,35.6
5094,64.8
5095,61.3
5096,92.9
5097,95.4
5098,39.9
5099,72.8
5100,14.1
5101,79
5102,81.2
5103,59
5104,15
5105,42.9
5106,30
5107,59.7
5108,17.8
5109,40.3
5110,7.4
5111,30.7
5112,66
5113,64
5114,38.5
5115,65.4
5116,13.1
5117,35
5118,53.7
5119,18.2
5120,88.5
5121,51.2
5122,76.5
5123,28.4
5124,8.5
5125,51
5126,59.7
5127,74
5128,58.3
5129,96.9
5130,33.8
5131,97.5
5132,84.8
5133,78.8
5134,36.5
5135,28.7
5136,9.5
5137,91.7
5138,15.7
5139,57
5140,53.3
5141,81.8
5142,12.1
5143,66.7
5144,5.3
5145,81
5146,51.5
5147,51.8
5148,91.9
5149,42.2
5150,91.5
5151,70
5152,30.8
5153,63
5154,53
5155,55.1
5156,69.9
5157,7.5
5158,19.3
5159,75.7
5160,50.3
5161,32.6
5162,20.1
5163,87.2
5164,93.9
5165,98.5
5166,64.4
5167,90.3
5168,36.5
5169,0.3
5170,9.6
5171,78.1
5172,41.9
5173,54
5174,86.2
5175,85.2
5176,44.3
5177,53
5178,61.4
5179,7.6
5180,87.1
5181,43.6
5182,76.2
5183,73.7
5184,58
5185,59.1
5186,50.6
5187,47.5
5188,83.3
5189,0.9
5190,28.2
5191,99.4
5192,39.5
5193,85.2
5194,47.2
5195,59.2
5196,4.8
5197,45
5198,91.8
5199,49.2
5200,74.4
5201,44.2
5202,99.3
5203,17.3
5204,97.6
5205,11.5
5206,86.8
5207,42.6
5208,90.6
5209,34.9
5210,60.5
5211,40.8
5212,27.6
5213,88.5
5214,56.8
5215,71
5216,99.6
5217,51.6
5218,33.1
5219,16.1
5220,49.1
5221,39.4
5222,62.1
5223,60
5224,23.7
5225,52.7
5226,5.1
5227,48.3
5228,37.4
5229,21.6
5230,33.1
5231,17.4
5232,2.6
5233,63
5234,73.4
5235,21.1
5236,49.6
5237,76.6
5238,73.7
5239,56.3
5240,62.7
5241,67.2
5242,52.4
5243,57.3
5244,8
5245,99.1
5246,57.5
5247,14.1
5248,65.3
5249,82.8
5250,78.5
5251,23.4
5252,90.2
5253,68.4
5254,66.6
5255,7.7
5256,14.4
5257,78.5
5258,68.3
5259,8.9
5260,79.9
5261,85.7
5262,14.3
5263,39.3
5264,3.9
5265,4.2
5266,14.6
5267,22.7
5268,69.3
5269,34.4
5270,9.1
5271,11.2
5272,22.6
5273,87.7
5274,77.4
5275,13.7
5276,71.6
5277,79.1
5278,60.8
5279,74.6
5280,42.5
5281,68.5
5282,8
5283,83
5284,17
5285,8.8
5286,47.3
5287,18.4
5288,22.3
5289,30.1
5290,66
5291,42.8
5292,81
5293,70.5
5294,81.4
5295,86.1
5296,67
5297,53.9
5298,40.6
5299,21
5300,87.2
5301,88.6
5302,90.6
5303,68
5304,6.1
5305,0.4
5306,9
5307,21
5308,46.1
5309,13
5310,16.5
5311,68.8
5312,99.6
5313,41.6
5314,52.7
5315,22.3
5316,67.2
5317,60.8
5318,53.6
5319,56.7
5320,93.7
5321,78.4
5322,37.3
5323,68.5
5324,15.3
5325,32.1
5326,30.7
5327,32.3
5328,97.2
5329,71.4
5330,49.1
5331,0.7
5332,78.6
5333,80.3
5334,34.5
5335,26.8
5336,46.6
5337,65.1
5338,18.7
5339,72.6
5340,42.9
5341,7
5342,53.5
5343,31
5344,69
5345,13
5346,32.1
5347,37.9
5348,97.9
5349,31.8
5350,61.6
5351,45.8
5352,76.1
5353,4.1
5354,42
5355,7.8
5356,73.9
5357,26.5
5358,56.6
5359,47.2
5360,14.5
5361,46.3
5362,97.5
5363,25.4
5364,85
5365,51.8
5366,65.3
5367,38.4
5368,6.6
5369,23.1
5370,46.3
5371,44.9
5372,67.8
5373,24.1
5374,55.3
5375,96.9
5376,87.8
5377,65.1
5378,53.4
5379,56.9
5380,37.1
5381,68.4
5382,43.4
5383,7.2
